Alice,Johnson,12345678A
Michael,Smith,23456789B
Emma,Brown,34567890C
Liam,Williams,45678901D
Olivia,Jones,56789012E
Noah,Garcia,67890123F
Ava,Miller,78901234G
William,Davis,89012345H
Sophia,Rodriguez,90123456I
James,Martinez,11223344J
Isabella,Hernandez,22334455K
Benjamin,Lopez,33445566L
Mia,Gonzalez,44556677M
Lucas,Wilson,55667788N
Amelia,Anderson,66778899O
Henry,Thomas,77889900P
Evelyn,Taylor,88990011Q
Alexander,Moore,99001122R
Charlotte,Jackson,10111223S
Sebastian,Martin,21222334T
Harper,Lee,32333445U
Daniel,Perez,43444556V
Ella,Thompson,54555667W
Matthew,White,65666778X
Scarlett,Harris,76777889Y
David,Sanchez,87888990Z
Victoria,Clark,98990011A
Joseph,Ramirez,10111222B
Grace,Lewis,12131423C
Samuel,Robinson,13141524D
Luna,Walker,14151625E
Andrew,Young,15161726F
Hannah,Allen,16171827G
Ethan,King,17181928H
Penelope,Wright,18192029I
Christopher,Scott,19202130J
Aria,Green,20212231K
Joshua,Baker,21222332L
Layla,Adams,22232433M
Nathan,Nelson,23242534N
Zoe,Carter,24252635O
Ryan,Mitchell,25262736P
Stella,Perez,26272837Q
Caleb,Rogers,27282938R
Aubrey,Reed,28293039S
Jack,Bailey,29303140T
Chloe,Bell,30313241U
Isaac,Cooper,31323342V
Ellie,Richardson,32333443W
Gabriel,Cox,33343544X
Madison,Howard,34353645Y